<?xml version="1.0" encoding="UTF-8" ?>
<module>
    <name>oh_configurator</name>
    <displayName><![CDATA[Oh_configurator]]></displayName>
    <version><![CDATA[1.0.0]]></version>
    <description><![CDATA[Configurateur de m&eacute;dailles personnalis&eacute;es pour chien et chat]]></description>
    <author><![CDATA[OHweb]]></author>
    <tab><![CDATA[front_office_features]]></tab>
    <is_configurable>1</is_configurable>
    <need_instance>0</need_instance>
	<limited_countries></limited_countries>
</module>